{
  "asOf": "2026-06-15",
  "ratings": {
    "Spain": 2155,
    "Argentina": 2140,
    "France": 2025,
    "England": 2010,
    "Portugal": 2005,
    "Brazil": 1975.8069699668679,
    "Netherlands": 1948.2117907908114,
    "Germany": 1941.708946186687,
    "Uruguay": 1915,
    "Colombia": 1905,
    "Croatia": 1880,
    "Belgium": 1875,
    "Morocco": 1884.1930300331321,
    "Japan": 1881.7882092091886,
    "Italy": 1850,
    "Ecuador": 1825.8069699668679,
    "Mexico": 1867.084834937048,
    "Norway": 1845,
    "Switzerland": 1817.4387221640743,
    "Austria": 1830,
    "Turkey": 1786.5961000118268,
    "Senegal": 1820,
    "Paraguay": 1775,
    "United States": 1835,
    "Iran": 1795,
    "South Korea": 1810.712212955497,
    "Canada": 1766.5613019742625,
    "Sweden": 1781.5613019742625,
    "Algeria": 1755,
    "Ivory Coast": 1794.1930300331321,
    "Egypt": 1745,
    "Scotland": 1754.4151844011226,
    "Czechia": 1709.287787044503,
    "Bosnia-Herzegovina": 1733.4386980257375,
    "Australia": 1763.4038999881732,
    "Tunisia": 1688.4386980257375,
    "Panama": 1700,
    "Ghana": 1695,
    "Uzbekistan": 1695,
    "South Africa": 1672.915165062952,
    "Congo DR": 1690,
    "Qatar": 1687.5612778359257,
    "Saudi Arabia": 1655,
    "Iraq": 1645,
    "Jordan": 1635,
    "Cape Verde Islands": 1605,
    "New Zealand": 1590,
    "Curaçao": 1568.291053813313,
    "Haiti": 1525.5848155988774
  }
}
