{
  "asOf": "2026-06-30",
  "ratings": {
    "Spain": 2142.785934581003,
    "Argentina": 2157.2801675940327,
    "France": 2061.439425598376,
    "England": 2015.0936910167197,
    "Portugal": 1987.2781756130616,
    "Brazil": 2012.8874212939902,
    "Netherlands": 1968.7537397806143,
    "Germany": 1907.5492009703594,
    "Uruguay": 1865.5276859743215,
    "Colombia": 1937.857561955892,
    "Croatia": 1895.042555545403,
    "Belgium": 1867.580451008452,
    "Morocco": 1915.0017184344306,
    "Japan": 1864.6496245660796,
    "Italy": 1850,
    "Ecuador": 1849.313420358123,
    "Mexico": 1907.5690492654217,
    "Norway": 1867.7094598367705,
    "Switzerland": 1865.9962576241514,
    "Austria": 1829.9888498907226,
    "Turkey": 1794.2616568154829,
    "Senegal": 1797.913151745981,
    "Paraguay": 1810.0616737698042,
    "United States": 1820.2374690505005,
    "Iran": 1785.2099908123228,
    "South Korea": 1746.3841901219698,
    "Canada": 1789.9806090317245,
    "Sweden": 1775.796194620913,
    "Algeria": 1774.1973466709674,
    "Ivory Coast": 1791.3347064888922,
    "Egypt": 1774.640609651632,
    "Scotland": 1723.348952282193,
    "Czechia": 1690.848998233679,
    "Bosnia-Herzegovina": 1736.5805502830142,
    "Australia": 1745.173001855781,
    "Tunisia": 1664.1462694400218,
    "Panama": 1647.6559023530922,
    "Ghana": 1727.207851084785,
    "Uzbekistan": 1644.4315893449714,
    "South Africa": 1689.3996385420317,
    "Congo DR": 1725.432673086075,
    "Qatar": 1638.2407068980078,
    "Saudi Arabia": 1668.3496652586196,
    "Iraq": 1607.9379628188724,
    "Jordan": 1598.5336358442773,
    "Cape Verde Islands": 1653.3367141860563,
    "New Zealand": 1577.5689485275932,
    "Curaçao": 1572.0688706910569,
    "Haiti": 1515.4160795817575
  }
}
