{
  "asOf": "2026-06-18",
  "ratings": {
    "Spain": 2127.427799561942,
    "Argentina": 2145.898104723868,
    "France": 2039.1023241868386,
    "England": 2029.2709848123145,
    "Portugal": 1983.4144888325084,
    "Brazil": 1975.8069699668679,
    "Netherlands": 1948.2117907908114,
    "Germany": 1941.708946186687,
    "Uruguay": 1895.9752699480016,
    "Colombia": 1918.794199400341,
    "Croatia": 1860.7290151876855,
    "Belgium": 1864.2709848123145,
    "Morocco": 1884.1930300331321,
    "Japan": 1881.7882092091886,
    "Italy": 1850,
    "Ecuador": 1825.8069699668679,
    "Mexico": 1867.084834937048,
    "Norway": 1859.4151844011226,
    "Switzerland": 1817.4387221640743,
    "Austria": 1844.7327574834687,
    "Turkey": 1786.5961000118268,
    "Senegal": 1805.8976758131614,
    "Paraguay": 1775,
    "United States": 1835,
    "Iran": 1779.1023241868386,
    "South Korea": 1810.712212955497,
    "Canada": 1766.5613019742625,
    "Sweden": 1781.5613019742625,
    "Algeria": 1749.1018952761317,
    "Ivory Coast": 1794.1930300331321,
    "Egypt": 1755.7290151876855,
    "Scotland": 1754.4151844011226,
    "Czechia": 1709.287787044503,
    "Bosnia-Herzegovina": 1733.4386980257375,
    "Australia": 1763.4038999881732,
    "Tunisia": 1688.4386980257375,
    "Panama": 1669.568295097457,
    "Ghana": 1725.431704902543,
    "Uzbekistan": 1681.205800599659,
    "South Africa": 1672.915165062952,
    "Congo DR": 1711.5855111674916,
    "Qatar": 1687.5612778359257,
    "Saudi Arabia": 1674.0247300519984,
    "Iraq": 1630.5848155988774,
    "Jordan": 1620.2672425165313,
    "Cape Verde Islands": 1632.5722004380582,
    "New Zealand": 1605.8976758131614,
    "Curaçao": 1568.291053813313,
    "Haiti": 1525.5848155988774
  }
}
