{
  "asOf": "2026-06-27",
  "ratings": {
    "Spain": 2142.785934581003,
    "Argentina": 2154.905404937021,
    "France": 2061.439425598376,
    "England": 2008.161088043596,
    "Portugal": 1992.3759093624158,
    "Brazil": 1991.7660054102553,
    "Netherlands": 1974.2864954892507,
    "Germany": 1917.283002461928,
    "Uruguay": 1865.5276859743215,
    "Colombia": 1932.7598282065378,
    "Croatia": 1875.7088049589265,
    "Belgium": 1867.580451008452,
    "Morocco": 1909.4689627257942,
    "Japan": 1885.7710404498146,
    "Italy": 1850,
    "Ecuador": 1849.313420358123,
    "Mexico": 1907.5690492654217,
    "Norway": 1867.7094598367705,
    "Switzerland": 1865.9962576241514,
    "Austria": 1835.725457270316,
    "Turkey": 1794.2616568154829,
    "Senegal": 1797.913151745981,
    "Paraguay": 1800.3278722782356,
    "United States": 1820.2374690505005,
    "Iran": 1785.2099908123228,
    "South Korea": 1746.3841901219698,
    "Canada": 1764.1824851948265,
    "Sweden": 1775.796194620913,
    "Algeria": 1768.460739291374,
    "Ivory Coast": 1791.3347064888922,
    "Egypt": 1774.640609651632,
    "Scotland": 1723.348952282193,
    "Czechia": 1690.848998233679,
    "Bosnia-Herzegovina": 1736.5805502830142,
    "Australia": 1745.173001855781,
    "Tunisia": 1664.1462694400218,
    "Panama": 1654.588505326216,
    "Ghana": 1746.5416016712616,
    "Uzbekistan": 1672.2443800697515,
    "South Africa": 1715.1977623789296,
    "Congo DR": 1697.619882361295,
    "Qatar": 1638.2407068980078,
    "Saudi Arabia": 1668.3496652586196,
    "Iraq": 1607.9379628188724,
    "Jordan": 1600.908398501289,
    "Cape Verde Islands": 1653.3367141860563,
    "New Zealand": 1577.5689485275932,
    "Curaçao": 1572.0688706910569,
    "Haiti": 1515.4160795817575
  }
}
