{
  "asOf": "2026-07-10",
  "ratings": {
    "Spain": 2169.6862310059364,
    "Argentina": 2137.1739488763064,
    "France": 2100.0546375574645,
    "England": 2046.8536993047144,
    "Portugal": 1991.102234858629,
    "Brazil": 1972.7910995469035,
    "Netherlands": 1968.7537397806143,
    "Germany": 1907.5492009703594,
    "Uruguay": 1865.5276859743215,
    "Colombia": 1946.2007379407655,
    "Croatia": 1872.8248476972074,
    "Belgium": 1890.0488595530146,
    "Morocco": 1916.6662953273458,
    "Japan": 1864.6496245660796,
    "Italy": 1850,
    "Ecuador": 1824.2969997379453,
    "Mexico": 1910.3515465024013,
    "Norway": 1931.3152663796084,
    "Switzerland": 1893.6604815336748,
    "Austria": 1821.482202068417,
    "Turkey": 1794.2616568154829,
    "Senegal": 1803.8493618989976,
    "Paraguay": 1799.142593024785,
    "United States": 1814.7457672679552,
    "Iran": 1785.2099908123228,
    "South Korea": 1746.3841901219698,
    "Canada": 1770.332793355536,
    "Sweden": 1766.0833021901171,
    "Algeria": 1751.9444564067887,
    "Ivory Coast": 1767.825221693141,
    "Egypt": 1765.3349257000634,
    "Scotland": 1723.348952282193,
    "Czechia": 1690.848998233679,
    "Bosnia-Herzegovina": 1713.6676333679802,
    "Australia": 1747.7113560010494,
    "Tunisia": 1664.1462694400218,
    "Panama": 1647.6559023530922,
    "Ghana": 1713.4533414545667,
    "Uzbekistan": 1644.4315893449714,
    "South Africa": 1689.3996385420317,
    "Congo DR": 1715.9065881812785,
    "Qatar": 1638.2407068980078,
    "Saudi Arabia": 1668.3496652586196,
    "Iraq": 1607.9379628188724,
    "Jordan": 1598.5336358442773,
    "Cape Verde Islands": 1680.210262710083,
    "New Zealand": 1577.5689485275932,
    "Curaçao": 1572.0688706910569,
    "Haiti": 1515.4160795817575
  }
}
