{
  "asOf": "2026-07-03",
  "ratings": {
    "Spain": 2151.292582403308,
    "Argentina": 2157.2801675940327,
    "France": 2071.152318029172,
    "England": 2024.6197759215163,
    "Portugal": 2009.4958834612573,
    "Brazil": 2012.8874212939902,
    "Netherlands": 1968.7537397806143,
    "Germany": 1907.5492009703594,
    "Uruguay": 1865.5276859743215,
    "Colombia": 1937.857561955892,
    "Croatia": 1872.8248476972074,
    "Belgium": 1861.6442408554353,
    "Morocco": 1915.0017184344306,
    "Japan": 1864.6496245660796,
    "Italy": 1850,
    "Ecuador": 1824.2969997379453,
    "Mexico": 1932.5854698855994,
    "Norway": 1891.2189446325217,
    "Switzerland": 1888.24914788833,
    "Austria": 1821.482202068417,
    "Turkey": 1794.2616568154829,
    "Senegal": 1803.8493618989976,
    "Paraguay": 1810.0616737698042,
    "United States": 1843.1503859655345,
    "Iran": 1785.2099908123228,
    "South Korea": 1746.3841901219698,
    "Canada": 1789.9806090317245,
    "Sweden": 1766.0833021901171,
    "Algeria": 1751.9444564067887,
    "Ivory Coast": 1767.825221693141,
    "Egypt": 1774.640609651632,
    "Scotland": 1723.348952282193,
    "Czechia": 1690.848998233679,
    "Bosnia-Herzegovina": 1713.6676333679802,
    "Australia": 1745.173001855781,
    "Tunisia": 1664.1462694400218,
    "Panama": 1647.6559023530922,
    "Ghana": 1727.207851084785,
    "Uzbekistan": 1644.4315893449714,
    "South Africa": 1689.3996385420317,
    "Congo DR": 1715.9065881812785,
    "Qatar": 1638.2407068980078,
    "Saudi Arabia": 1668.3496652586196,
    "Iraq": 1607.9379628188724,
    "Jordan": 1598.5336358442773,
    "Cape Verde Islands": 1653.3367141860563,
    "New Zealand": 1577.5689485275932,
    "Curaçao": 1572.0688706910569,
    "Haiti": 1515.4160795817575
  }
}
