{
  "asOf": "2026-06-26",
  "ratings": {
    "Spain": 2131.5376639304786,
    "Argentina": 2154.905404937021,
    "France": 2044.3185696643823,
    "England": 2008.161088043596,
    "Portugal": 1992.3759093624158,
    "Brazil": 1991.7660054102553,
    "Netherlands": 1974.2864954892507,
    "Germany": 1917.283002461928,
    "Uruguay": 1876.7759566248458,
    "Colombia": 1932.7598282065378,
    "Croatia": 1875.7088049589265,
    "Belgium": 1857.060779567875,
    "Morocco": 1909.4689627257942,
    "Japan": 1885.7710404498146,
    "Italy": 1850,
    "Ecuador": 1849.313420358123,
    "Mexico": 1907.5690492654217,
    "Norway": 1884.8303157707644,
    "Switzerland": 1865.9962576241514,
    "Austria": 1835.725457270316,
    "Turkey": 1794.2616568154829,
    "Senegal": 1780.4825444435196,
    "Paraguay": 1800.3278722782356,
    "United States": 1820.2374690505005,
    "Iran": 1786.312529431278,
    "South Korea": 1746.3841901219698,
    "Canada": 1764.1824851948265,
    "Sweden": 1775.796194620913,
    "Algeria": 1768.460739291374,
    "Ivory Coast": 1791.3347064888922,
    "Egypt": 1773.5380710326767,
    "Scotland": 1723.348952282193,
    "Czechia": 1690.848998233679,
    "Bosnia-Herzegovina": 1736.5805502830142,
    "Australia": 1745.173001855781,
    "Tunisia": 1664.1462694400218,
    "Panama": 1654.588505326216,
    "Ghana": 1746.5416016712616,
    "Uzbekistan": 1672.2443800697515,
    "South Africa": 1715.1977623789296,
    "Congo DR": 1697.619882361295,
    "Qatar": 1638.2407068980078,
    "Saudi Arabia": 1669.9148656834618,
    "Iraq": 1625.3685701213337,
    "Jordan": 1600.908398501289,
    "Cape Verde Islands": 1651.771513761214,
    "New Zealand": 1588.0886199681702,
    "Curaçao": 1572.0688706910569,
    "Haiti": 1515.4160795817575
  }
}
