{
  "asOf": "2026-06-20",
  "ratings": {
    "Spain": 2127.427799561942,
    "Argentina": 2145.898104723868,
    "France": 2039.1023241868386,
    "England": 2029.2709848123145,
    "Portugal": 1983.4144888325084,
    "Brazil": 1979.9874908175832,
    "Netherlands": 1948.2117907908114,
    "Germany": 1941.708946186687,
    "Uruguay": 1895.9752699480016,
    "Colombia": 1918.794199400341,
    "Croatia": 1860.7290151876855,
    "Belgium": 1864.2709848123145,
    "Morocco": 1903.4807475593896,
    "Japan": 1881.7882092091886,
    "Italy": 1850,
    "Ecuador": 1825.8069699668679,
    "Mexico": 1892.2595015430823,
    "Norway": 1859.4151844011226,
    "Switzerland": 1840.3236728716986,
    "Austria": 1844.7327574834687,
    "Turkey": 1755.595183885888,
    "Senegal": 1805.8976758131614,
    "Paraguay": 1806.0009161259388,
    "United States": 1858.9039419800954,
    "Iran": 1779.1023241868386,
    "South Korea": 1785.537546349463,
    "Canada": 1789.8550699472794,
    "Sweden": 1781.5613019742625,
    "Algeria": 1749.1018952761317,
    "Ivory Coast": 1794.1930300331321,
    "Egypt": 1755.7290151876855,
    "Scotland": 1735.1274668748651,
    "Czechia": 1706.1585459560183,
    "Bosnia-Herzegovina": 1710.5537473181132,
    "Australia": 1739.4999580080778,
    "Tunisia": 1688.4386980257375,
    "Panama": 1669.568295097457,
    "Ghana": 1725.431704902543,
    "Uzbekistan": 1681.205800599659,
    "South Africa": 1676.0444061514365,
    "Congo DR": 1711.5855111674916,
    "Qatar": 1664.2675098629088,
    "Saudi Arabia": 1674.0247300519984,
    "Iraq": 1630.5848155988774,
    "Jordan": 1620.2672425165313,
    "Cape Verde Islands": 1632.5722004380582,
    "New Zealand": 1605.8976758131614,
    "Curaçao": 1568.291053813313,
    "Haiti": 1521.404294748162
  }
}
