{
  "asOf": "2026-06-24",
  "ratings": {
    "Spain": 2131.5376639304786,
    "Argentina": 2154.905404937021,
    "France": 2044.3185696643823,
    "England": 2008.161088043596,
    "Portugal": 1992.3759093624158,
    "Brazil": 1979.9874908175832,
    "Netherlands": 1964.8326846681662,
    "Germany": 1959.68536765261,
    "Uruguay": 1876.7759566248458,
    "Colombia": 1932.7598282065378,
    "Croatia": 1875.7088049589265,
    "Belgium": 1857.060779567875,
    "Morocco": 1903.4807475593896,
    "Japan": 1896.6268269738198,
    "Italy": 1850,
    "Ecuador": 1806.911055167441,
    "Mexico": 1892.2595015430823,
    "Norway": 1884.8303157707644,
    "Switzerland": 1840.3236728716986,
    "Austria": 1835.725457270316,
    "Turkey": 1755.595183885888,
    "Senegal": 1780.4825444435196,
    "Paraguay": 1806.0009161259388,
    "United States": 1858.9039419800954,
    "Iran": 1786.312529431278,
    "South Korea": 1785.537546349463,
    "Canada": 1789.8550699472794,
    "Sweden": 1764.9404080969077,
    "Algeria": 1768.460739291374,
    "Ivory Coast": 1776.216608567209,
    "Egypt": 1773.5380710326767,
    "Scotland": 1735.1274668748651,
    "Czechia": 1706.1585459560183,
    "Bosnia-Herzegovina": 1710.5537473181132,
    "Australia": 1739.4999580080778,
    "Tunisia": 1673.6000802611063,
    "Panama": 1654.588505326216,
    "Ghana": 1746.5416016712616,
    "Uzbekistan": 1672.2443800697515,
    "South Africa": 1676.0444061514365,
    "Congo DR": 1697.619882361295,
    "Qatar": 1664.2675098629088,
    "Saudi Arabia": 1669.9148656834618,
    "Iraq": 1625.3685701213337,
    "Jordan": 1600.908398501289,
    "Cape Verde Islands": 1651.771513761214,
    "New Zealand": 1588.0886199681702,
    "Curaçao": 1587.18696861274,
    "Haiti": 1521.404294748162
  }
}
