{
  "asOf": "2026-06-13",
  "ratings": {
    "Spain": 2155,
    "Argentina": 2140,
    "France": 2025,
    "England": 2010,
    "Portugal": 2005,
    "Brazil": 1985,
    "Netherlands": 1955,
    "Germany": 1935,
    "Uruguay": 1915,
    "Colombia": 1905,
    "Croatia": 1880,
    "Belgium": 1875,
    "Morocco": 1875,
    "Japan": 1875,
    "Italy": 1850,
    "Ecuador": 1865,
    "Mexico": 1867.084834937048,
    "Norway": 1845,
    "Switzerland": 1830,
    "Austria": 1830,
    "Turkey": 1825,
    "Senegal": 1820,
    "Paraguay": 1805,
    "United States": 1805,
    "Iran": 1795,
    "South Korea": 1810.712212955497,
    "Canada": 1766.5613019742625,
    "Sweden": 1755,
    "Algeria": 1755,
    "Ivory Coast": 1755,
    "Egypt": 1745,
    "Scotland": 1740,
    "Czechia": 1709.287787044503,
    "Bosnia-Herzegovina": 1733.4386980257375,
    "Australia": 1725,
    "Tunisia": 1715,
    "Panama": 1700,
    "Ghana": 1695,
    "Uzbekistan": 1695,
    "South Africa": 1672.915165062952,
    "Congo DR": 1690,
    "Qatar": 1675,
    "Saudi Arabia": 1655,
    "Iraq": 1645,
    "Jordan": 1635,
    "Cape Verde Islands": 1605,
    "New Zealand": 1590,
    "Curaçao": 1575,
    "Haiti": 1540
  }
}
