{
  "asOf": "15:52",
  "markets": {
    "537375": 0.8177357804833726,
    "537376": 0.5432351844949683
  }
}
