{
  "asOf": "15:58",
  "markets": {
    "537377": 0.5431945307644499,
    "537378": 0.38836447697938736
  }
}
