{
  "asOf": "17:04",
  "markets": {
    "537422": 0.4543429844097996,
    "537426": 0.41925928871041496
  }
}
