{
  "asOf": "17:35",
  "markets": {
    "537379": 0.4957178841309824,
    "537380": 0.28324267908395717
  }
}
