{
  "asOf": "17:03",
  "markets": {
    "537381": 0.4070343461030383,
    "537382": 0.433279666635098
  }
}
