{
  "asOf": "15:42",
  "markets": {
    "537385": 0.4940711462450593,
    "537386": 0.5718138041733547
  }
}
